observation_date,SP500,NASDAQCOM
2020-01-02,3257.85,9092.190
2020-01-03,3234.85,9020.770
2020-01-06,3246.28,9071.460
2020-01-07,3237.18,9068.580
2020-01-08,3253.05,9129.240
2020-01-09,3274.70,9203.430
2020-01-10,3265.35,9178.860
2020-01-13,3288.13,9273.930
2020-01-14,3283.15,9251.330
2020-01-15,3289.29,9258.700
2020-01-16,3316.81,9357.130
2020-01-17,3329.62,9388.940
2020-01-20,,
2020-01-21,3320.79,9370.810
2020-01-22,3321.75,9383.770
2020-01-23,3325.54,9402.480
2020-01-24,3295.47,9314.910
2020-01-27,3243.63,9139.310
2020-01-28,3276.24,9269.680
2020-01-29,3273.40,9275.160
2020-01-30,3283.66,9298.930
2020-01-31,3225.52,9150.940
2020-02-03,3248.92,9273.400
2020-02-04,3297.59,9467.970
2020-02-05,3334.69,9508.680
2020-02-06,3345.78,9572.150
2020-02-07,3327.71,9520.510
2020-02-10,3352.09,9628.390
2020-02-11,3357.75,9638.940
2020-02-12,3379.45,9725.960
2020-02-13,3373.94,9711.970
2020-02-14,3380.16,9731.180
2020-02-17,,
2020-02-18,3370.29,9732.740
2020-02-19,3386.15,9817.180
2020-02-20,3373.23,9750.960
2020-02-21,3337.75,9576.590
2020-02-24,3225.89,9221.280
2020-02-25,3128.21,8965.610
2020-02-26,3116.39,8980.770
2020-02-27,2978.76,8566.480
2020-02-28,2954.22,8567.370
2020-03-02,3090.23,8952.160
2020-03-03,3003.37,8684.090
2020-03-04,3130.12,9018.090
2020-03-05,3023.94,8738.600
2020-03-06,2972.37,8575.620
2020-03-09,2746.56,7950.680
2020-03-10,2882.23,8344.250
2020-03-11,2741.38,7952.050
2020-03-12,2480.64,7201.800
2020-03-13,2711.02,7874.880
2020-03-16,2386.13,6904.590
2020-03-17,2529.19,7334.780
2020-03-18,2398.10,6989.840
2020-03-19,2409.39,7150.580
2020-03-20,2304.92,6879.520
2020-03-23,2237.40,6860.670
2020-03-24,2447.33,7417.860
2020-03-25,2475.56,7384.300
2020-03-26,2630.07,7797.540
2020-03-27,2541.47,7502.380
2020-03-30,2626.65,7774.150
2020-03-31,2584.59,7700.100
2020-04-01,2470.50,7360.580
2020-04-02,2526.90,7487.310
2020-04-03,2488.65,7373.080
2020-04-06,2663.68,7913.240
2020-04-07,2659.41,7887.260
2020-04-08,2749.98,8090.900
2020-04-09,2789.82,8153.580
2020-04-10,,
2020-04-13,2761.63,8192.420
2020-04-14,2846.06,8515.740
2020-04-15,2783.36,8393.180
2020-04-16,2799.55,8532.360
2020-04-17,2874.56,8650.140
2020-04-20,2823.16,8560.730
2020-04-21,2736.56,8263.230
2020-04-22,2799.31,8495.380
2020-04-23,2797.80,8494.750
2020-04-24,2836.74,8634.520
2020-04-27,2878.48,8730.160
2020-04-28,2863.39,8607.730
2020-04-29,2939.51,8914.710
2020-04-30,2912.43,8889.550
2020-05-01,2830.71,8604.950
2020-05-04,2842.74,8710.710
2020-05-05,2868.44,8809.120
2020-05-06,2848.42,8854.390
2020-05-07,2881.19,8979.660
2020-05-08,2929.80,9121.320
2020-05-11,2930.32,9192.340
2020-05-12,2870.12,9002.550
2020-05-13,2820.00,8863.170
2020-05-14,2852.50,8943.720
2020-05-15,2863.70,9014.560
2020-05-18,2953.91,9234.830
2020-05-19,2922.94,9185.100
2020-05-20,2971.61,9375.780
2020-05-21,2948.51,9284.880
2020-05-22,2955.45,9324.590
2020-05-25,,
2020-05-26,2991.77,9340.220
2020-05-27,3036.13,9412.360
2020-05-28,3029.73,9368.990
2020-05-29,3044.31,9489.870
2020-06-01,3055.73,9552.050
2020-06-02,3080.82,9608.370
2020-06-03,3122.87,9682.910
2020-06-04,3112.35,9615.810
2020-06-05,3193.93,9814.080
2020-06-08,3232.39,9924.740
2020-06-09,3207.18,9953.750
2020-06-10,3190.14,10020.350
2020-06-11,3002.10,9492.730
2020-06-12,3041.31,9588.810
2020-06-15,3066.59,9726.020
2020-06-16,3124.74,9895.870
2020-06-17,3113.49,9910.530
2020-06-18,3115.34,9943.050
2020-06-19,3097.74,9946.120
2020-06-22,3117.86,10056.470
2020-06-23,3131.29,10131.370
2020-06-24,3050.33,9909.170
2020-06-25,3083.76,10017.000
2020-06-26,3009.05,9757.220
2020-06-29,3053.24,9874.150
2020-06-30,3100.29,10058.770
2020-07-01,3115.86,10154.630
2020-07-02,3130.01,10207.630
2020-07-03,,
2020-07-06,3179.72,10433.650
2020-07-07,3145.32,10343.890
2020-07-08,3169.94,10492.500
2020-07-09,3152.05,10547.750
2020-07-10,3185.04,10617.440
2020-07-13,3155.22,10390.840
2020-07-14,3197.52,10488.580
2020-07-15,3226.56,10550.490
2020-07-16,3215.57,10473.830
2020-07-17,3224.73,10503.190
2020-07-20,3251.84,10767.090
2020-07-21,3257.30,10680.360
2020-07-22,3276.02,10706.130
2020-07-23,3235.66,10461.420
2020-07-24,3215.63,10363.180
2020-07-27,3239.41,10536.270
2020-07-28,3218.44,10402.090
2020-07-29,3258.44,10542.940
2020-07-30,3246.22,10587.810
2020-07-31,3271.12,10745.270
2020-08-03,3294.61,10902.800
2020-08-04,3306.51,10941.170
2020-08-05,3327.77,10998.400
2020-08-06,3349.16,11108.070
2020-08-07,3351.28,11010.980
2020-08-10,3360.47,10968.360
2020-08-11,3333.69,10782.820
2020-08-12,3380.35,11012.240
2020-08-13,3373.43,11042.500
2020-08-14,3372.85,11019.300
2020-08-17,3381.99,11129.730
2020-08-18,3389.78,11210.840
2020-08-19,3374.85,11146.460
2020-08-20,3385.51,11264.950
2020-08-21,3397.16,11311.800
2020-08-24,3431.28,11379.720
2020-08-25,3443.62,11466.470
2020-08-26,3478.73,11665.060
2020-08-27,3484.55,11625.340
2020-08-28,3508.01,11695.630
2020-08-31,3500.31,11775.460
2020-09-01,3526.65,11939.670
2020-09-02,3580.84,12056.440
2020-09-03,3455.06,11458.100
2020-09-04,3426.96,11313.130
2020-09-07,,
2020-09-08,3331.84,10847.690
2020-09-09,3398.96,11141.560
2020-09-10,3339.19,10919.590
2020-09-11,3340.97,10853.550
2020-09-14,3383.54,11056.650
2020-09-15,3401.20,11190.320
2020-09-16,3385.49,11050.470
2020-09-17,3357.01,10910.280
2020-09-18,3319.47,10793.280
2020-09-21,3281.06,10778.940
2020-09-22,3315.57,10963.770
2020-09-23,3236.92,10633.150
2020-09-24,3246.59,10672.430
2020-09-25,3298.46,10913.730
2020-09-28,3351.60,11117.700
2020-09-29,3335.47,11085.420
2020-09-30,3363.00,11167.680
2020-10-01,3380.80,11326.610
2020-10-02,3348.44,11075.110
2020-10-05,3408.63,11332.580
2020-10-06,3360.95,11154.700
2020-10-07,3419.45,11364.700
2020-10-08,3446.83,11421.080
2020-10-09,3477.13,11580.050
2020-10-12,3534.22,11876.360
2020-10-13,3511.93,11864.000
2020-10-14,3488.67,11768.830
2020-10-15,3483.34,11713.970
2020-10-16,3483.81,11671.660
2020-10-19,3426.92,11478.980
2020-10-20,3443.12,11516.490
2020-10-21,3435.56,11484.690
2020-10-22,3453.49,11506.010
2020-10-23,3465.39,11548.280
2020-10-26,3400.97,11358.940
2020-10-27,3390.68,11431.350
2020-10-28,3271.03,11004.870
2020-10-29,3310.11,11185.590
2020-10-30,3269.96,10911.590
2020-11-02,3310.24,10957.610
2020-11-03,3369.16,11160.570
2020-11-04,3443.44,11590.780
2020-11-05,3510.45,11890.930
2020-11-06,3509.44,11895.230
2020-11-09,3550.50,11713.780
2020-11-10,3545.53,11553.860
2020-11-11,3572.66,11786.430
2020-11-12,3537.01,11709.590
2020-11-13,3585.15,11829.290
2020-11-16,3626.91,11924.130
2020-11-17,3609.53,11899.340
2020-11-18,3567.79,11801.600
2020-11-19,3581.87,11904.710
2020-11-20,3557.54,11854.970
2020-11-23,3577.59,11881.170
2020-11-24,3635.41,12037.330
2020-11-25,3629.65,12094.400
2020-11-26,,
2020-11-27,3638.35,12205.850
2020-11-30,3621.63,12198.740
2020-12-01,3662.45,12355.110
2020-12-02,3669.01,12349.370
2020-12-03,3666.72,12377.180
2020-12-04,3699.12,12464.230
2020-12-07,3691.96,12519.950
2020-12-08,3702.25,12582.770
2020-12-09,3672.82,12338.950
2020-12-10,3668.10,12405.810
2020-12-11,3663.46,12377.870
2020-12-14,3647.49,12440.040
2020-12-15,3694.62,12595.060
2020-12-16,3701.17,12658.190
2020-12-17,3722.48,12764.750
2020-12-18,3709.41,12755.640
2020-12-21,3694.92,12742.520
2020-12-22,3687.26,12807.920
2020-12-23,3690.01,12771.110
2020-12-24,3703.06,12804.730
2020-12-25,,
2020-12-28,3735.36,12899.420
2020-12-29,3727.04,12850.220
2020-12-30,3732.04,12870.000
2020-12-31,3756.07,12888.280
2021-01-01,,
2021-01-04,3700.65,12698.450
2021-01-05,3726.86,12818.960
2021-01-06,3748.14,12740.790
2021-01-07,3803.79,13067.480
2021-01-08,3824.68,13201.980
2021-01-11,3799.61,13036.430
2021-01-12,3801.19,13072.430
2021-01-13,3809.84,13128.950
2021-01-14,3795.54,13112.640
2021-01-15,3768.25,12998.500
2021-01-18,,
2021-01-19,3798.91,13197.180
2021-01-20,3851.85,13457.250
2021-01-21,3853.07,13530.910
2021-01-22,3841.47,13543.060
2021-01-25,3855.36,13635.990
2021-01-26,3849.62,13626.060
2021-01-27,3750.77,13270.600
2021-01-28,3787.38,13337.160
2021-01-29,3714.24,13070.690
2021-02-01,3773.86,13403.390
2021-02-02,3826.31,13612.780
2021-02-03,3830.17,13610.540
2021-02-04,3871.74,13777.740
2021-02-05,3886.83,13856.300
2021-02-08,3915.59,13987.640
2021-02-09,3911.23,14007.700
2021-02-10,3909.88,13972.530
2021-02-11,3916.38,14025.770
2021-02-12,3934.83,14095.470
2021-02-15,,
2021-02-16,3932.59,14047.500
2021-02-17,3931.33,13965.500
2021-02-18,3913.97,13865.360
2021-02-19,3906.71,13874.470
2021-02-22,3876.50,13533.050
2021-02-23,3881.37,13465.200
2021-02-24,3925.43,13597.970
2021-02-25,3829.34,13119.430
2021-02-26,3811.15,13192.350
2021-03-01,3901.82,13588.830
2021-03-02,3870.29,13358.790
2021-03-03,3819.72,12997.750
2021-03-04,3768.47,12723.470
2021-03-05,3841.94,12920.150
2021-03-08,3821.35,12609.160
2021-03-09,3875.44,13073.820
2021-03-10,3898.81,13068.830
2021-03-11,3939.34,13398.670
2021-03-12,3943.34,13319.860
2021-03-15,3968.94,13459.710
2021-03-16,3962.71,13471.570
2021-03-17,3974.12,13525.200
2021-03-18,3915.46,13116.170
2021-03-19,3913.10,13215.240
2021-03-22,3940.59,13377.540
2021-03-23,3910.52,13227.700
2021-03-24,3889.14,12961.890
2021-03-25,3909.52,12977.680
2021-03-26,3974.54,13138.720
2021-03-29,3971.09,13059.650
2021-03-30,3958.55,13045.390
2021-03-31,3972.89,13246.870
2021-04-01,4019.87,13480.110
2021-04-02,,
2021-04-05,4077.91,13705.590
2021-04-06,4073.94,13698.380
2021-04-07,4079.95,13688.840
2021-04-08,4097.17,13829.310
2021-04-09,4128.80,13900.190
2021-04-12,4127.99,13850.000
2021-04-13,4141.59,13996.100
2021-04-14,4124.66,13857.840
2021-04-15,4170.42,14038.760
2021-04-16,4185.47,14052.340
2021-04-19,4163.26,13914.770
2021-04-20,4134.94,13786.270
2021-04-21,4173.42,13950.220
2021-04-22,4134.98,13818.410
2021-04-23,4180.17,14016.810
2021-04-26,4187.62,14138.780
2021-04-27,4186.72,14090.220
2021-04-28,4183.18,14051.030
2021-04-29,4211.47,14082.550
2021-04-30,4181.17,13962.680
2021-05-03,4192.66,13895.120
2021-05-04,4164.66,13633.500
2021-05-05,4167.59,13582.420
2021-05-06,4201.62,13632.840
2021-05-07,4232.60,13752.240
2021-05-10,4188.43,13401.860
2021-05-11,4152.10,13389.430
2021-05-12,4063.04,13031.680
2021-05-13,4112.50,13124.990
2021-05-14,4173.85,13429.980
2021-05-17,4163.29,13379.050
2021-05-18,4127.83,13303.640
2021-05-19,4115.68,13299.740
2021-05-20,4159.12,13535.740
2021-05-21,4155.86,13470.990
2021-05-24,4197.05,13661.170
2021-05-25,4188.13,13657.170
2021-05-26,4195.99,13738.000
2021-05-27,4200.88,13736.280
2021-05-28,4204.11,13748.740
2021-05-31,,
2021-06-01,4202.04,13736.480
2021-06-02,4208.12,13756.330
2021-06-03,4192.85,13614.510
2021-06-04,4229.89,13814.490
2021-06-07,4226.52,13881.720
2021-06-08,4227.26,13924.910
2021-06-09,4219.55,13911.750
2021-06-10,4239.18,14020.330
2021-06-11,4247.44,14069.420
2021-06-14,4255.15,14174.140
2021-06-15,4246.59,14072.860
2021-06-16,4223.70,14039.680
2021-06-17,4221.86,14161.350
2021-06-18,4166.45,14030.380
2021-06-21,4224.79,14141.480
2021-06-22,4246.44,14253.270
2021-06-23,4241.84,14271.730
2021-06-24,4266.49,14369.710
2021-06-25,4280.70,14360.390
2021-06-28,4290.61,14500.510
2021-06-29,4291.80,14528.330
2021-06-30,4297.50,14503.950
2021-07-01,4319.94,14522.380
2021-07-02,4352.34,14639.330
2021-07-05,,
2021-07-06,4343.54,14663.640
2021-07-07,4358.13,14665.060
2021-07-08,4320.82,14559.780
2021-07-09,4369.55,14701.920
2021-07-12,4384.63,14733.240
2021-07-13,4369.21,14677.650
2021-07-14,4374.30,14644.950
2021-07-15,4360.03,14543.130
2021-07-16,4327.16,14427.240
2021-07-19,4258.49,14274.980
2021-07-20,4323.06,14498.880
2021-07-21,4358.69,14631.950
2021-07-22,4367.48,14684.600
2021-07-23,4411.79,14836.990
2021-07-26,4422.30,14840.710
2021-07-27,4401.46,14660.580
2021-07-28,4400.64,14762.580
2021-07-29,4419.15,14778.260
2021-07-30,4395.26,14672.680
2021-08-02,4387.16,14681.070
2021-08-03,4423.15,14761.290
2021-08-04,4402.66,14780.530
2021-08-05,4429.10,14895.120
2021-08-06,4436.52,14835.760
2021-08-09,4432.35,14860.180
2021-08-10,4436.75,14788.090
2021-08-11,4447.70,14765.140
2021-08-12,4460.83,14816.260
2021-08-13,4468.00,14822.900
2021-08-16,4479.71,14793.760
2021-08-17,4448.08,14656.180
2021-08-18,4400.27,14525.910
2021-08-19,4405.80,14541.790
2021-08-20,4441.67,14714.660
2021-08-23,4479.53,14942.650
2021-08-24,4486.23,15019.800
2021-08-25,4496.19,15041.860
2021-08-26,4470.00,14945.810
2021-08-27,4509.37,15129.500
2021-08-30,4528.79,15265.890
2021-08-31,4522.68,15259.240
2021-09-01,4524.09,15309.380
2021-09-02,4536.95,15331.180
2021-09-03,4535.43,15363.520
2021-09-06,,
2021-09-07,4520.03,15374.330
2021-09-08,4514.07,15286.640
2021-09-09,4493.28,15248.250
2021-09-10,4458.58,15115.490
2021-09-13,4468.73,15105.580
2021-09-14,4443.05,15037.760
2021-09-15,4480.70,15161.530
2021-09-16,4473.75,15181.920
2021-09-17,4432.99,15043.970
2021-09-20,4357.73,14713.900
2021-09-21,4354.19,14746.400
2021-09-22,4395.64,14896.850
2021-09-23,4448.98,15052.240
2021-09-24,4455.48,15047.700
2021-09-27,4443.11,14969.970
2021-09-28,4352.63,14546.680
2021-09-29,4359.46,14512.440
2021-09-30,4307.54,14448.580
2021-10-01,4357.04,14566.700
2021-10-04,4300.46,14255.480
2021-10-05,4345.72,14433.830
2021-10-06,4363.55,14501.910
2021-10-07,4399.76,14654.020
2021-10-08,4391.34,14579.540
2021-10-11,4361.19,14486.200
2021-10-12,4350.65,14465.920
2021-10-13,4363.80,14571.640
2021-10-14,4438.26,14823.430
2021-10-15,4471.37,14897.340
2021-10-18,4486.46,15021.810
2021-10-19,4519.63,15129.090
2021-10-20,4536.19,15121.680
2021-10-21,4549.78,15215.700
2021-10-22,4544.90,15090.200
2021-10-25,4566.48,15226.710
2021-10-26,4574.79,15235.710
2021-10-27,4551.68,15235.840
2021-10-28,4596.42,15448.120
2021-10-29,4605.38,15498.390
2021-11-01,4613.67,15595.920
2021-11-02,4630.65,15649.600
2021-11-03,4660.57,15811.580
2021-11-04,4680.06,15940.310
2021-11-05,4697.53,15971.590
2021-11-08,4701.70,15982.360
2021-11-09,4685.25,15886.540
2021-11-10,4646.71,15622.710
2021-11-11,4649.27,15704.280
2021-11-12,4682.85,15860.960
2021-11-15,4682.80,15853.850
2021-11-16,4700.90,15973.860
2021-11-17,4688.67,15921.570
2021-11-18,4704.54,15993.710
2021-11-19,4697.96,16057.440
2021-11-22,4682.94,15854.760
2021-11-23,4690.70,15775.140
2021-11-24,4701.46,15845.230
2021-11-25,,
2021-11-26,4594.62,15491.660
2021-11-29,4655.27,15782.830
2021-11-30,4567.00,15537.690
2021-12-01,4513.04,15254.050
2021-12-02,4577.10,15381.320
2021-12-03,4538.43,15085.470
2021-12-06,4591.67,15225.150
2021-12-07,4686.75,15686.920
2021-12-08,4701.21,15786.990
2021-12-09,4667.45,15517.370
2021-12-10,4712.02,15630.600
2021-12-13,4668.97,15413.280
2021-12-14,4634.09,15237.640
2021-12-15,4709.85,15565.580
2021-12-16,4668.67,15180.430
2021-12-17,4620.64,15169.680
2021-12-20,4568.02,14980.940
2021-12-21,4649.23,15341.090
2021-12-22,4696.56,15521.890
2021-12-23,4725.79,15653.370
2021-12-24,,
2021-12-27,4791.19,15871.260
2021-12-28,4786.35,15781.720
2021-12-29,4793.06,15766.220
2021-12-30,4778.73,15741.560
2021-12-31,4766.18,15644.970
2022-01-03,4796.56,15832.800
2022-01-04,4793.54,15622.720
2022-01-05,4700.58,15100.170
2022-01-06,4696.05,15080.860
2022-01-07,4677.03,14935.900
2022-01-10,4670.29,14942.830
2022-01-11,4713.07,15153.450
2022-01-12,4726.35,15188.390
2022-01-13,4659.03,14806.810
2022-01-14,4662.85,14893.750
2022-01-17,,
2022-01-18,4577.11,14506.900
2022-01-19,4532.76,14340.260
2022-01-20,4482.73,14154.020
2022-01-21,4397.94,13768.920
2022-01-24,4410.13,13855.130
2022-01-25,4356.45,13539.290
2022-01-26,4349.93,13542.120
2022-01-27,4326.51,13352.780
2022-01-28,4431.85,13770.570
2022-01-31,4515.55,14239.880
2022-02-01,4546.54,14346.000
2022-02-02,4589.38,14417.550
2022-02-03,4477.44,13878.820
2022-02-04,4500.53,14098.010
2022-02-07,4483.87,14015.670
2022-02-08,4521.54,14194.450
2022-02-09,4587.18,14490.370
2022-02-10,4504.08,14185.640
2022-02-11,4418.64,13791.150
2022-02-14,4401.67,13790.920
2022-02-15,4471.07,14139.760
2022-02-16,4475.01,14124.090
2022-02-17,4380.26,13716.720
2022-02-18,4348.87,13548.070
2022-02-21,,
2022-02-22,4304.76,13381.520
2022-02-23,4225.50,13037.490
2022-02-24,4288.70,13473.590
2022-02-25,4384.65,13694.620
2022-02-28,4373.94,13751.400
2022-03-01,4306.26,13532.460
2022-03-02,4386.54,13752.020
2022-03-03,4363.49,13537.940
2022-03-04,4328.87,13313.440
2022-03-07,4201.09,12830.960
2022-03-08,4170.70,12795.550
2022-03-09,4277.88,13255.550
2022-03-10,4259.52,13129.960
2022-03-11,4204.31,12843.810
2022-03-14,4173.11,12581.220
2022-03-15,4262.45,12948.620
2022-03-16,4357.86,13436.550
2022-03-17,4411.67,13614.780
2022-03-18,4463.12,13893.840
2022-03-21,4461.18,13838.460
2022-03-22,4511.61,14108.820
2022-03-23,4456.24,13922.600
2022-03-24,4520.16,14191.840
2022-03-25,4543.06,14169.300
2022-03-28,4575.52,14354.900
2022-03-29,4631.60,14619.640
2022-03-30,4602.45,14442.270
2022-03-31,4530.41,14220.520
2022-04-01,4545.86,14261.500
2022-04-04,4582.64,14532.550
2022-04-05,4525.12,14204.170
2022-04-06,4481.15,13888.820
2022-04-07,4500.21,13897.300
2022-04-08,4488.28,13711.000
2022-04-11,4412.53,13411.960
2022-04-12,4397.45,13371.570
2022-04-13,4446.59,13643.590
2022-04-14,4392.59,13351.080
2022-04-15,,
2022-04-18,4391.69,13332.360
2022-04-19,4462.21,13619.660
2022-04-20,4459.45,13453.070
2022-04-21,4393.66,13174.650
2022-04-22,4271.78,12839.290
2022-04-25,4296.12,13004.850
2022-04-26,4175.20,12490.740
2022-04-27,4183.96,12488.930
2022-04-28,4287.50,12871.530
2022-04-29,4131.93,12334.640
2022-05-02,4155.38,12536.020
2022-05-03,4175.48,12563.760
2022-05-04,4300.17,12964.860
2022-05-05,4146.87,12317.690
2022-05-06,4123.34,12144.660
2022-05-09,3991.24,11623.250
2022-05-10,4001.05,11737.670
2022-05-11,3935.18,11364.240
2022-05-12,3930.08,11370.960
2022-05-13,4023.89,11805.000
2022-05-16,4008.01,11662.790
2022-05-17,4088.85,11984.520
2022-05-18,3923.68,11418.150
2022-05-19,3900.79,11388.500
2022-05-20,3901.36,11354.620
2022-05-23,3973.75,11535.270
2022-05-24,3941.48,11264.450
2022-05-25,3978.73,11434.740
2022-05-26,4057.84,11740.650
2022-05-27,4158.24,12131.130
2022-05-30,,
2022-05-31,4132.15,12081.390
2022-06-01,4101.23,11994.460
2022-06-02,4176.82,12316.900
2022-06-03,4108.54,12012.730
2022-06-06,4121.43,12061.370
2022-06-07,4160.68,12175.230
2022-06-08,4115.77,12086.270
2022-06-09,4017.82,11754.230
2022-06-10,3900.86,11340.020
2022-06-13,3749.63,10809.230
2022-06-14,3735.48,10828.350
2022-06-15,3789.99,11099.150
2022-06-16,3666.77,10646.100
2022-06-17,3674.84,10798.350
2022-06-20,,
2022-06-21,3764.79,11069.300
2022-06-22,3759.89,11053.080
2022-06-23,3795.73,11232.190
2022-06-24,3911.74,11607.620
2022-06-27,3900.11,11524.550
2022-06-28,3821.55,11181.540
2022-06-29,3818.83,11177.890
2022-06-30,3785.38,11028.740
2022-07-01,3825.33,11127.850
2022-07-04,,
2022-07-05,3831.39,11322.240
2022-07-06,3845.08,11361.850
2022-07-07,3902.62,11621.350
2022-07-08,3899.38,11635.310
2022-07-11,3854.43,11372.600
2022-07-12,3818.80,11264.730
2022-07-13,3801.78,11247.580
2022-07-14,3790.38,11251.190
2022-07-15,3863.16,11452.420
2022-07-18,3830.85,11360.050
2022-07-19,3936.69,11713.150
2022-07-20,3959.90,11897.650
2022-07-21,3998.95,12059.610
2022-07-22,3961.63,11834.110
2022-07-25,3966.84,11782.670
2022-07-26,3921.05,11562.570
2022-07-27,4023.61,12032.420
2022-07-28,4072.43,12162.590
2022-07-29,4130.29,12390.690
2022-08-01,4118.63,12368.980
2022-08-02,4091.19,12348.760
2022-08-03,4155.17,12668.160
2022-08-04,4151.94,12720.580
2022-08-05,4145.19,12657.550
2022-08-08,4140.06,12644.460
2022-08-09,4122.47,12493.930
2022-08-10,4210.24,12854.800
2022-08-11,4207.27,12779.910
2022-08-12,4280.15,13047.190
2022-08-15,4297.14,13128.050
2022-08-16,4305.20,13102.550
2022-08-17,4274.04,12938.120
2022-08-18,4283.74,12965.340
2022-08-19,4228.48,12705.220
2022-08-22,4137.99,12381.570
2022-08-23,4128.73,12381.300
2022-08-24,4140.77,12431.530
2022-08-25,4199.12,12639.270
2022-08-26,4057.66,12141.710
2022-08-29,4030.61,12017.670
2022-08-30,3986.16,11883.140
2022-08-31,3955.00,11816.200
2022-09-01,3966.85,11785.130
2022-09-02,3924.26,11630.860
2022-09-05,,
2022-09-06,3908.19,11544.910
2022-09-07,3979.87,11791.900
2022-09-08,4006.18,11862.130
2022-09-09,4067.36,12112.310
2022-09-12,4110.41,12266.410
2022-09-13,3932.69,11633.570
2022-09-14,3946.01,11719.680
2022-09-15,3901.35,11552.360
2022-09-16,3873.33,11448.400
2022-09-19,3899.89,11535.020
2022-09-20,3855.93,11425.050
2022-09-21,3789.93,11220.190
2022-09-22,3757.99,11066.810
2022-09-23,3693.23,10867.930
2022-09-26,3655.04,10802.920
2022-09-27,3647.29,10829.500
2022-09-28,3719.04,11051.640
2022-09-29,3640.47,10737.510
2022-09-30,3585.62,10575.620
2022-10-03,3678.43,10815.430
2022-10-04,3790.93,11176.410
2022-10-05,3783.28,11148.640
2022-10-06,3744.52,11073.310
2022-10-07,3639.66,10652.400
2022-10-10,3612.39,10542.100
2022-10-11,3588.84,10426.190
2022-10-12,3577.03,10417.100
2022-10-13,3669.91,10649.150
2022-10-14,3583.07,10321.390
2022-10-17,3677.95,10675.800
2022-10-18,3719.98,10772.400
2022-10-19,3695.16,10680.510
2022-10-20,3665.78,10614.840
2022-10-21,3752.75,10859.720
2022-10-24,3797.34,10952.610
2022-10-25,3859.11,11199.120
2022-10-26,3830.60,10970.990
2022-10-27,3807.30,10792.670
2022-10-28,3901.06,11102.450
2022-10-31,3871.98,10988.150
2022-11-01,3856.10,10890.850
2022-11-02,3759.69,10524.800
2022-11-03,3719.89,10342.940
2022-11-04,3770.55,10475.250
2022-11-07,3806.80,10564.520
2022-11-08,3828.11,10616.200
2022-11-09,3748.57,10353.170
2022-11-10,3956.37,11114.150
2022-11-11,3992.93,11323.330
2022-11-14,3957.25,11196.220
2022-11-15,3991.73,11358.410
2022-11-16,3958.79,11183.660
2022-11-17,3946.56,11144.960
2022-11-18,3965.34,11146.060
2022-11-21,3949.94,11024.510
2022-11-22,4003.58,11174.410
2022-11-23,4027.26,11285.320
2022-11-24,,
2022-11-25,4026.12,11226.360
2022-11-28,3963.94,11049.500
2022-11-29,3957.63,10983.780
2022-11-30,4080.11,11468.000
2022-12-01,4076.57,11482.450
2022-12-02,4071.70,11461.500
2022-12-05,3998.84,11239.940
2022-12-06,3941.26,11014.890
2022-12-07,3933.92,10958.550
2022-12-08,3963.51,11082.000
2022-12-09,3934.38,11004.620
2022-12-12,3990.56,11143.740
2022-12-13,4019.65,11256.810
2022-12-14,3995.32,11170.890
2022-12-15,3895.75,10810.530
2022-12-16,3852.36,10705.410
2022-12-19,3817.66,10546.030
2022-12-20,3821.62,10547.110
2022-12-21,3878.44,10709.370
2022-12-22,3822.39,10476.120
2022-12-23,3844.82,10497.860
2022-12-26,,
2022-12-27,3829.25,10353.230
2022-12-28,3783.22,10213.290
2022-12-29,3849.28,10478.090
2022-12-30,3839.50,10466.480
2023-01-02,,
2023-01-03,3824.14,10386.980
2023-01-04,3852.97,10458.760
2023-01-05,3808.10,10305.240
2023-01-06,3895.08,10569.290
2023-01-09,3892.09,10635.650
2023-01-10,3919.25,10742.630
2023-01-11,3969.61,10931.670
2023-01-12,3983.17,11001.100
2023-01-13,3999.09,11079.160
2023-01-16,,
2023-01-17,3990.97,11095.110
2023-01-18,3928.86,10957.010
2023-01-19,3898.85,10852.270
2023-01-20,3972.61,11140.430
2023-01-23,4019.81,11364.410
2023-01-24,4016.95,11334.270
2023-01-25,4016.22,11313.360
2023-01-26,4060.43,11512.410
2023-01-27,4070.56,11621.710
2023-01-30,4017.77,11393.810
2023-01-31,4076.60,11584.550
2023-02-01,4119.21,11816.320
2023-02-02,4179.76,12200.820
2023-02-03,4136.48,12006.950
2023-02-06,4111.08,11887.450
2023-02-07,4164.00,12113.790
2023-02-08,4117.86,11910.520
2023-02-09,4081.50,11789.580
2023-02-10,4090.46,11718.120
2023-02-13,4137.29,11891.790
2023-02-14,4136.13,11960.150
2023-02-15,4147.60,12070.590
2023-02-16,4090.41,11855.830
2023-02-17,4079.09,11787.270
2023-02-20,,
2023-02-21,3997.34,11492.300
2023-02-22,3991.05,11507.070
2023-02-23,4012.32,11590.400
2023-02-24,3970.04,11394.940
2023-02-27,3982.24,11466.980
2023-02-28,3970.15,11455.540
2023-03-01,3951.39,11379.480
2023-03-02,3981.35,11462.980
2023-03-03,4045.64,11689.010
2023-03-06,4048.42,11675.740
2023-03-07,3986.37,11530.330
2023-03-08,3992.01,11576.000
2023-03-09,3918.32,11338.350
2023-03-10,3861.59,11138.890
2023-03-13,3855.76,11188.840
2023-03-14,3919.29,11428.150
2023-03-15,3891.93,11434.050
2023-03-16,3960.28,11717.280
2023-03-17,3916.64,11630.510
2023-03-20,3951.57,11675.540
2023-03-21,4002.87,11860.110
2023-03-22,3936.97,11669.960
2023-03-23,3948.72,11787.400
2023-03-24,3970.99,11823.960
2023-03-27,3977.53,11768.840
2023-03-28,3971.27,11716.080
2023-03-29,4027.81,11926.240
2023-03-30,4050.83,12013.470
2023-03-31,4109.31,12221.910
2023-04-03,4124.51,12189.450
2023-04-04,4100.60,12126.330
2023-04-05,4090.38,11996.860
2023-04-06,4105.02,12087.960
2023-04-07,,
2023-04-10,4109.11,12084.360
2023-04-11,4108.94,12031.880
2023-04-12,4091.95,11929.340
2023-04-13,4146.22,12166.270
2023-04-14,4137.64,12123.470
2023-04-17,4151.32,12157.720
2023-04-18,4154.87,12153.410
2023-04-19,4154.52,12157.230
2023-04-20,4129.79,12059.560
2023-04-21,4133.52,12072.460
2023-04-24,4137.04,12037.200
2023-04-25,4071.63,11799.160
2023-04-26,4055.99,11854.350
2023-04-27,4135.35,12142.240
2023-04-28,4169.48,12226.580
2023-05-01,4167.87,12212.600
2023-05-02,4119.58,12080.510
2023-05-03,4090.75,12025.330
2023-05-04,4061.22,11966.400
2023-05-05,4136.25,12235.410
2023-05-08,4138.12,12256.920
2023-05-09,4119.17,12179.550
2023-05-10,4137.64,12306.440
2023-05-11,4130.62,12328.510
2023-05-12,4124.08,12284.740
2023-05-15,4136.28,12365.210
2023-05-16,4109.90,12343.050
2023-05-17,4158.77,12500.570
2023-05-18,4198.05,12688.840
2023-05-19,4191.98,12657.900
2023-05-22,4192.63,12720.780
2023-05-23,4145.58,12560.250
2023-05-24,4115.24,12484.160
2023-05-25,4151.28,12698.090
2023-05-26,4205.45,12975.690
2023-05-29,,
2023-05-30,4205.52,13017.430
2023-05-31,4179.83,12935.290
2023-06-01,4221.02,13100.980
2023-06-02,4282.37,13240.770
2023-06-05,4273.79,13229.430
2023-06-06,4283.85,13276.420
2023-06-07,4267.52,13104.890
2023-06-08,4293.93,13238.520
2023-06-09,4298.86,13259.140
2023-06-12,4338.93,13461.920
2023-06-13,4369.01,13573.320
2023-06-14,4372.59,13626.480
2023-06-15,4425.84,13782.820
2023-06-16,4409.59,13689.570
2023-06-19,,
2023-06-20,4388.71,13667.290
2023-06-21,4365.69,13502.200
2023-06-22,4381.89,13630.610
2023-06-23,4348.33,13492.520
2023-06-26,4328.82,13335.780
2023-06-27,4378.41,13555.670
2023-06-28,4376.86,13591.750
2023-06-29,4396.44,13591.330
2023-06-30,4450.38,13787.920
2023-07-03,4455.59,13816.770
2023-07-04,,
2023-07-05,4446.82,13791.650
2023-07-06,4411.59,13679.040
2023-07-07,4398.95,13660.720
2023-07-10,4409.53,13685.480
2023-07-11,4439.26,13760.700
2023-07-12,4472.16,13918.960
2023-07-13,4510.04,14138.570
2023-07-14,4505.42,14113.700
2023-07-17,4522.79,14244.950
2023-07-18,4554.98,14353.640
2023-07-19,4565.72,14358.020
2023-07-20,4534.87,14063.310
2023-07-21,4536.34,14032.810
2023-07-24,4554.64,14058.870
2023-07-25,4567.46,14144.560
2023-07-26,4566.75,14127.280
2023-07-27,4537.41,14050.110
2023-07-28,4582.23,14316.660
2023-07-31,4588.96,14346.020
2023-08-01,4576.73,14283.910
2023-08-02,4513.39,13973.450
2023-08-03,4501.89,13959.720
2023-08-04,4478.03,13892.070
2023-08-07,4518.44,13977.120
2023-08-08,4499.38,13867.190
2023-08-09,4467.71,13705.080
2023-08-10,4468.83,13721.030
2023-08-11,4464.05,13644.850
2023-08-14,4489.72,13788.330
2023-08-15,4437.86,13631.050
2023-08-16,4404.33,13474.630
2023-08-17,4370.36,13316.930
2023-08-18,4369.71,13290.780
2023-08-21,4399.77,13497.590
2023-08-22,4387.55,13505.870
2023-08-23,4436.01,13721.030
2023-08-24,4376.31,13463.970
2023-08-25,4405.71,13590.650
2023-08-28,4433.31,13705.130
2023-08-29,4497.63,13943.760
2023-08-30,4514.87,14019.310
2023-08-31,4507.66,14034.970
2023-09-01,4515.77,14031.810
2023-09-04,,
2023-09-05,4496.83,14020.950
2023-09-06,4465.48,13872.470
2023-09-07,4451.14,13748.830
2023-09-08,4457.49,13761.530
2023-09-11,4487.46,13917.910
2023-09-12,4461.90,13773.630
2023-09-13,4467.44,13813.590
2023-09-14,4505.10,13926.050
2023-09-15,4450.32,13708.330
2023-09-18,4453.53,13710.240
2023-09-19,4443.95,13678.190
2023-09-20,4402.20,13469.130
2023-09-21,4330.00,13223.980
2023-09-22,4320.06,13211.810
2023-09-25,4337.44,13271.320
2023-09-26,4273.53,13063.610
2023-09-27,4274.51,13092.850
2023-09-28,4299.70,13201.280
2023-09-29,4288.05,13219.320
2023-10-02,4288.39,13307.770
2023-10-03,4229.45,13059.470
2023-10-04,4263.75,13236.010
2023-10-05,4258.19,13219.830
2023-10-06,4308.50,13431.340
2023-10-09,4335.66,13484.240
2023-10-10,4358.24,13562.840
2023-10-11,4376.95,13659.680
2023-10-12,4349.61,13574.220
2023-10-13,4327.78,13407.230
2023-10-16,4373.63,13567.980
2023-10-17,4373.20,13533.750
2023-10-18,4314.60,13314.300
2023-10-19,4278.00,13186.180
2023-10-20,4224.16,12983.810
2023-10-23,4217.04,13018.330
2023-10-24,4247.68,13139.870
2023-10-25,4186.77,12821.220
2023-10-26,4137.23,12595.610
2023-10-27,4117.37,12643.010
2023-10-30,4166.82,12789.480
2023-10-31,4193.80,12851.240
2023-11-01,4237.86,13061.470
2023-11-02,4317.78,13294.190
2023-11-03,4358.34,13478.280
2023-11-06,4365.98,13518.780
2023-11-07,4378.38,13639.860
2023-11-08,4382.78,13650.410
2023-11-09,4347.35,13521.450
2023-11-10,4415.24,13798.110
2023-11-13,4411.55,13767.740
2023-11-14,4495.70,14094.380
2023-11-15,4502.88,14103.840
2023-11-16,4508.24,14113.670
2023-11-17,4514.02,14125.480
2023-11-20,4547.38,14284.530
2023-11-21,4538.19,14199.980
2023-11-22,4556.62,14265.860
2023-11-23,,
2023-11-24,4559.34,14250.850
2023-11-27,4550.43,14241.020
2023-11-28,4554.89,14281.760
2023-11-29,4550.58,14258.490
2023-11-30,4567.80,14226.220
2023-12-01,4594.63,14305.030
2023-12-04,4569.78,14185.490
2023-12-05,4567.18,14229.910
2023-12-06,4549.34,14146.710
2023-12-07,4585.59,14339.990
2023-12-08,4604.37,14403.970
2023-12-11,4622.44,14432.490
2023-12-12,4643.70,14533.400
2023-12-13,4707.09,14733.960
2023-12-14,4719.55,14761.560
2023-12-15,4719.19,14813.920
2023-12-18,4740.56,14905.190
2023-12-19,4768.37,15003.220
2023-12-20,4698.35,14777.940
2023-12-21,4746.75,14963.870
2023-12-22,4754.63,14992.970
2023-12-25,,
2023-12-26,4774.75,15074.570
2023-12-27,4781.58,15099.180
2023-12-28,4783.35,15095.140
2023-12-29,4769.83,15011.350
2024-01-01,,
2024-01-02,4742.83,14765.940
2024-01-03,4704.81,14592.210
2024-01-04,4688.68,14510.300
2024-01-05,4697.24,14524.070
2024-01-08,4763.54,14843.770
2024-01-09,4756.50,14857.710
2024-01-10,4783.45,14969.650
2024-01-11,4780.24,14970.190
2024-01-12,4783.83,14972.760
2024-01-15,,
2024-01-16,4765.98,14944.350
2024-01-17,4739.21,14855.620
2024-01-18,4780.94,15055.650
2024-01-19,4839.81,15310.970
2024-01-22,4850.43,15360.290
2024-01-23,4864.60,15425.940
2024-01-24,4868.55,15481.920
2024-01-25,4894.16,15510.500
2024-01-26,4890.97,15455.360
2024-01-29,4927.93,15628.040
2024-01-30,4924.97,15509.900
2024-01-31,4845.65,15164.010
2024-02-01,4906.19,15361.640
2024-02-02,4958.61,15628.950
2024-02-05,4942.81,15597.680
2024-02-06,4954.23,15609.000
2024-02-07,4995.06,15756.640
2024-02-08,4997.91,15793.710
2024-02-09,5026.61,15990.660
2024-02-12,5021.84,15942.550
2024-02-13,4953.17,15655.600
2024-02-14,5000.62,15859.150
2024-02-15,5029.73,15906.170
2024-02-16,5005.57,15775.650
2024-02-19,,
2024-02-20,4975.51,15630.780
2024-02-21,4981.80,15580.870
2024-02-22,5087.03,16041.620
2024-02-23,5088.80,15996.820
2024-02-26,5069.53,15976.250
2024-02-27,5078.18,16035.300
2024-02-28,5069.76,15947.740
2024-02-29,5096.27,16091.920
2024-03-01,5137.08,16274.940
2024-03-04,5130.95,16207.510
2024-03-05,5078.65,15939.590
2024-03-06,5104.76,16031.540
2024-03-07,5157.36,16273.380
2024-03-08,5123.69,16085.110
2024-03-11,5117.94,16019.270
2024-03-12,5175.27,16265.640
2024-03-13,5165.31,16177.770
2024-03-14,5150.48,16128.530
2024-03-15,5117.09,15973.170
2024-03-18,5149.42,16103.450
2024-03-19,5178.51,16166.790
2024-03-20,5224.62,16369.410
2024-03-21,5241.53,16401.840
2024-03-22,5234.18,16428.820
2024-03-25,5218.19,16384.470
2024-03-26,5203.58,16315.700
2024-03-27,5248.49,16399.520
2024-03-28,5254.35,16379.460
2024-03-29,,
2024-04-01,5243.77,16396.830
2024-04-02,5205.81,16240.450
2024-04-03,5211.49,16277.460
2024-04-04,5147.21,16049.080
2024-04-05,5204.34,16248.520
2024-04-08,5202.39,16253.960
2024-04-09,5209.91,16306.640
2024-04-10,5160.64,16170.360
2024-04-11,5199.06,16442.200
2024-04-12,5123.41,16175.090
2024-04-15,5061.82,15885.020
2024-04-16,5051.41,15865.250
2024-04-17,5022.21,15683.370
2024-04-18,5011.12,15601.500
2024-04-19,4967.23,15282.010
2024-04-22,5010.60,15451.310
2024-04-23,5070.55,15696.640
2024-04-24,5071.63,15712.750
2024-04-25,5048.42,15611.760
2024-04-26,5099.96,15927.900
2024-04-29,5116.17,15983.080
2024-04-30,5035.69,15657.820
2024-05-01,5018.39,15605.480
2024-05-02,5064.20,15840.960
2024-05-03,5127.79,16156.330
2024-05-06,5180.74,16349.250
2024-05-07,5187.70,16332.560
2024-05-08,5187.67,16302.760
2024-05-09,5214.08,16346.260
2024-05-10,5222.68,16340.870
2024-05-13,5221.42,16388.240
2024-05-14,5246.68,16511.180
2024-05-15,5308.15,16742.390
2024-05-16,5297.10,16698.320
2024-05-17,5303.27,16685.970
2024-05-20,5308.13,16794.870
2024-05-21,5321.41,16832.620
2024-05-22,5307.01,16801.540
2024-05-23,5267.84,16736.030
2024-05-24,5304.72,16920.790
2024-05-27,,
2024-05-28,5306.04,17019.880
2024-05-29,5266.95,16920.580
2024-05-30,5235.48,16737.080
2024-05-31,5277.51,16735.020
2024-06-03,5283.40,16828.670
2024-06-04,5291.34,16857.050
2024-06-05,5354.03,17187.900
2024-06-06,5352.96,17173.120
2024-06-07,5346.99,17133.130
2024-06-10,5360.79,17192.530
2024-06-11,5375.32,17343.550
2024-06-12,5421.03,17608.440
2024-06-13,5433.74,17667.560
2024-06-14,5431.60,17688.880
2024-06-17,5473.23,17857.020
2024-06-18,5487.03,17862.230
2024-06-19,,
2024-06-20,5473.17,17721.590
2024-06-21,5464.62,17689.360
2024-06-24,5447.87,17496.820
2024-06-25,5469.30,17717.650
2024-06-26,5477.90,17805.160
2024-06-27,5482.87,17858.680
2024-06-28,5460.48,17732.600
2024-07-01,5475.09,17879.300
2024-07-02,5509.01,18028.760
2024-07-03,5537.02,18188.300
2024-07-04,,
2024-07-05,5567.19,18352.760
2024-07-08,5572.85,18403.740
2024-07-09,5576.98,18429.290
2024-07-10,5633.91,18647.450
2024-07-11,5584.54,18283.410
2024-07-12,5615.35,18398.450
2024-07-15,5631.22,18472.570
2024-07-16,5667.20,18509.340
2024-07-17,5588.27,17996.920
2024-07-18,5544.59,17871.220
2024-07-19,5505.00,17726.940
2024-07-22,5564.41,18007.570
2024-07-23,5555.74,17997.350
2024-07-24,5427.13,17342.410
2024-07-25,5399.22,17181.720
2024-07-26,5459.10,17357.880
2024-07-29,5463.54,17370.200
2024-07-30,5436.44,17147.420
2024-07-31,5522.30,17599.400
2024-08-01,5446.68,17194.150
2024-08-02,5346.56,16776.160
2024-08-05,5186.33,16200.080
2024-08-06,5240.03,16366.850
2024-08-07,5199.50,16195.810
2024-08-08,5319.31,16660.020
2024-08-09,5344.16,16745.300
2024-08-12,5344.39,16780.610
2024-08-13,5434.43,17187.610
2024-08-14,5455.21,17192.600
2024-08-15,5543.22,17594.500
2024-08-16,5554.25,17631.720
2024-08-19,5608.25,17876.770
2024-08-20,5597.12,17816.940
2024-08-21,5620.85,17918.990
2024-08-22,5570.64,17619.350
2024-08-23,5634.61,17877.790
2024-08-26,5616.84,17725.760
2024-08-27,5625.80,17754.820
2024-08-28,5592.18,17556.030
2024-08-29,5591.96,17516.430
2024-08-30,5648.40,17713.620
2024-09-02,,
2024-09-03,5528.93,17136.300
2024-09-04,5520.07,17084.300
2024-09-05,5503.41,17127.660
2024-09-06,5408.42,16690.830
2024-09-09,5471.05,16884.600
2024-09-10,5495.52,17025.880
2024-09-11,5554.13,17395.530
2024-09-12,5595.76,17569.680
2024-09-13,5626.02,17683.980
2024-09-16,5633.09,17592.130
2024-09-17,5634.58,17628.060
2024-09-18,5618.26,17573.300
2024-09-19,5713.64,18013.980
2024-09-20,5702.55,17948.320
2024-09-23,5718.57,17974.270
2024-09-24,5732.93,18074.520
2024-09-25,5722.26,18082.210
2024-09-26,5745.37,18190.290
2024-09-27,5738.17,18119.590
2024-09-30,5762.48,18189.170
2024-10-01,5708.75,17910.360
2024-10-02,5709.54,17925.120
2024-10-03,5699.94,17918.480
2024-10-04,5751.07,18137.850
2024-10-07,5695.94,17923.900
2024-10-08,5751.13,18182.920
2024-10-09,5792.04,18291.620
2024-10-10,5780.05,18282.050
2024-10-11,5815.03,18342.940
2024-10-14,5859.85,18502.690
2024-10-15,5815.26,18315.590
2024-10-16,5842.47,18367.080
2024-10-17,5841.47,18373.610
2024-10-18,5864.67,18489.550
2024-10-21,5853.98,18540.000
2024-10-22,5851.20,18573.130
2024-10-23,5797.42,18276.650
2024-10-24,5809.86,18415.490
2024-10-25,5808.12,18518.610
2024-10-28,5823.52,18567.190
2024-10-29,5832.92,18712.750
2024-10-30,5813.67,18607.930
2024-10-31,5705.45,18095.150
2024-11-01,5728.80,18239.920
2024-11-04,5712.69,18179.980
2024-11-05,5782.76,18439.170
2024-11-06,5929.04,18983.470
2024-11-07,5973.10,19269.460
2024-11-08,5995.54,19286.780
2024-11-11,6001.35,19298.760
2024-11-12,5983.99,19281.400
2024-11-13,5985.38,19230.730
2024-11-14,5949.17,19107.650
2024-11-15,5870.62,18680.120
2024-11-18,5893.62,18791.810
2024-11-19,5916.98,18987.470
2024-11-20,5917.11,18966.140
2024-11-21,5948.71,18972.420
2024-11-22,5969.34,19003.650
2024-11-25,5987.37,19054.840
2024-11-26,6021.63,19175.580
2024-11-27,5998.74,19060.480
2024-11-28,,
2024-11-29,6032.38,19218.170
2024-12-02,6047.15,19403.950
2024-12-03,6049.88,19480.910
2024-12-04,6086.49,19735.120
2024-12-05,6075.11,19700.720
2024-12-06,6090.27,19859.770
2024-12-09,6052.85,19736.690
2024-12-10,6034.91,19687.240
2024-12-11,6084.19,20034.890
2024-12-12,6051.25,19902.840
2024-12-13,6051.09,19926.720
2024-12-16,6074.08,20173.890
2024-12-17,6050.61,20109.060
2024-12-18,5872.16,19392.690
2024-12-19,5867.08,19372.770
2024-12-20,5930.85,19572.600
2024-12-23,5974.07,19764.890
2024-12-24,6040.04,20031.130
2024-12-25,,
2024-12-26,6037.59,20020.360
2024-12-27,5970.84,19722.030
2024-12-30,5906.94,19486.780
2024-12-31,5881.63,19310.790
2025-01-01,,
2025-01-02,5868.55,19280.790
2025-01-03,5942.47,19621.680
2025-01-06,5975.38,19864.980
2025-01-07,5909.03,19489.680
2025-01-08,5918.25,19478.880
2025-01-09,,
2025-01-10,5827.04,19161.630
2025-01-13,5836.22,19088.100
2025-01-14,5842.91,19044.390
2025-01-15,5949.91,19511.230
2025-01-16,5937.34,19338.290
2025-01-17,5996.66,19630.200
2025-01-20,,
2025-01-21,6049.24,19756.780
2025-01-22,6086.37,20009.340
2025-01-23,6118.71,20053.680
2025-01-24,6101.24,19954.300
2025-01-27,6012.28,19341.830
2025-01-28,6067.70,19733.590
2025-01-29,6039.31,19632.320
2025-01-30,6071.17,19681.750
2025-01-31,6040.53,19627.440
2025-02-03,5994.57,19391.960
2025-02-04,6037.88,19654.020
2025-02-05,6061.48,19692.330
2025-02-06,6083.57,19791.990
2025-02-07,6025.99,19523.400
2025-02-10,6066.44,19714.270
2025-02-11,6068.50,19643.860
2025-02-12,6051.97,19649.950
2025-02-13,6115.07,19945.640
2025-02-14,6114.63,20026.770
2025-02-17,,
2025-02-18,6129.58,20041.260
2025-02-19,6144.15,20056.250
2025-02-20,6117.52,19962.360
2025-02-21,6013.13,19524.010
2025-02-24,5983.25,19286.920
2025-02-25,5955.25,19026.390
2025-02-26,5956.06,19075.260
2025-02-27,5861.57,18544.420
2025-02-28,5954.50,18847.280
2025-03-03,5849.72,18350.190
2025-03-04,5778.15,18285.160
2025-03-05,5842.63,18552.730
2025-03-06,5738.52,18069.260
2025-03-07,5770.20,18196.220
2025-03-10,5614.56,17468.320
2025-03-11,5572.07,17436.100
2025-03-12,5599.30,17648.450
2025-03-13,5521.52,17303.010
2025-03-14,5638.94,17754.090
2025-03-17,5675.12,17808.660
2025-03-18,5614.66,17504.120
2025-03-19,5675.29,17750.790
2025-03-20,5662.89,17691.630
2025-03-21,5667.56,17784.050
2025-03-24,5767.57,18188.590
2025-03-25,5776.65,18271.860
2025-03-26,5712.20,17899.010
2025-03-27,5693.31,17804.030
2025-03-28,5580.94,17322.990
2025-03-31,5611.85,17299.290
2025-04-01,5633.07,17449.890
2025-04-02,5670.97,17601.050
2025-04-03,5396.52,16550.610
2025-04-04,5074.08,15587.790
2025-04-07,5062.25,15603.260
2025-04-08,4982.77,15267.910
2025-04-09,5456.90,17124.970
2025-04-10,5268.05,16387.310
2025-04-11,5363.36,16724.460
2025-04-14,5405.97,16831.480
2025-04-15,5396.63,16823.170
2025-04-16,5275.70,16307.160
2025-04-17,5282.70,16286.450
2025-04-18,,
2025-04-21,5158.20,15870.900
2025-04-22,5287.76,16300.420
2025-04-23,5375.86,16708.050
2025-04-24,5484.77,17166.040
2025-04-25,5525.21,17382.940
2025-04-28,5528.75,17366.130
2025-04-29,5560.83,17461.320
2025-04-30,5569.06,17446.340
2025-05-01,5604.14,17710.740
2025-05-02,5686.67,17977.730
2025-05-05,5650.38,17844.240
2025-05-06,5606.91,17689.660
2025-05-07,5631.28,17738.160
2025-05-08,5663.94,17928.140
2025-05-09,5659.91,17928.920
2025-05-12,5844.19,18708.340
2025-05-13,5886.55,19010.080
2025-05-14,5892.58,19146.810
2025-05-15,5916.93,19112.320
2025-05-16,5958.38,19211.100
2025-05-19,5963.60,19215.460
2025-05-20,5940.46,19142.710
2025-05-21,5844.61,18872.640
2025-05-22,5842.01,18925.730
2025-05-23,5802.82,18737.210
2025-05-26,,
2025-05-27,5921.54,19199.160
2025-05-28,5888.55,19100.940
2025-05-29,5912.17,19175.870
2025-05-30,5911.69,19113.770
2025-06-02,5935.94,19242.610
2025-06-03,5970.37,19398.960
2025-06-04,5970.81,19460.490
2025-06-05,5939.30,19298.450
2025-06-06,6000.36,19529.950
2025-06-09,6005.88,19591.240
2025-06-10,6038.81,19714.990
2025-06-11,6022.24,19615.880
2025-06-12,6045.26,19662.480
2025-06-13,5976.97,19406.830
2025-06-16,6033.11,19701.210
2025-06-17,5982.72,19521.090
2025-06-18,5980.87,19546.270
2025-06-19,,
2025-06-20,5967.84,19447.410
2025-06-23,6025.17,19630.970
2025-06-24,6092.18,19912.530
2025-06-25,6092.16,19973.550
2025-06-26,6141.02,20167.910
2025-06-27,6173.07,20273.460
2025-06-30,6204.95,20369.730
2025-07-01,6198.01,20202.890
2025-07-02,6227.42,20393.130
2025-07-03,6279.35,20601.100
2025-07-04,,
2025-07-07,6229.98,20412.520
2025-07-08,6225.52,20418.460
2025-07-09,6263.26,20611.340
2025-07-10,6280.46,20630.660
2025-07-11,6259.75,20585.530
2025-07-14,6268.56,20640.330
2025-07-15,6243.76,20677.800
2025-07-16,6263.70,20730.490
2025-07-17,6297.36,20885.650
2025-07-18,6296.79,20895.660
2025-07-21,6305.60,20974.170
2025-07-22,6309.62,20892.680
2025-07-23,6358.91,21020.020
2025-07-24,6363.35,21057.960
2025-07-25,6388.64,21108.320
2025-07-28,6389.77,21178.580
2025-07-29,6370.86,21098.290
2025-07-30,6362.90,21129.670
2025-07-31,6339.39,21122.450
2025-08-01,6238.01,20650.130
2025-08-04,6329.94,21053.580
2025-08-05,6299.19,20916.550
2025-08-06,6345.06,21169.420
2025-08-07,6340.00,21242.700
2025-08-08,6389.45,21450.020
2025-08-11,6373.45,21385.400
2025-08-12,6445.76,21681.900
2025-08-13,6466.58,21713.140
2025-08-14,6468.54,21710.670
2025-08-15,6449.80,21622.980
2025-08-18,6449.15,21629.770
2025-08-19,6411.37,21314.950
2025-08-20,6395.78,21172.860
2025-08-21,6370.17,21100.310
2025-08-22,6466.91,21496.530
2025-08-25,6439.32,21449.290
2025-08-26,6465.94,21544.270
2025-08-27,6481.40,21590.140
2025-08-28,6501.86,21705.160
2025-08-29,6460.26,21455.550
2025-09-01,,
